{
  "resourceType" : "Patient",
  "id" : "PatientExample",
  "meta" : {
    "profile" : ["https://github.com/JohanGHole/dhis2-empty-ig/StructureDefinition/MyPatient"]
  },
  "text" : {
    "status" : "generated",
    "div" : "<div xmlns=\"http://www.w3.org/1999/xhtml\"><p style=\"border: 1px #661aff solid; background-color: #e6e6ff; padding: 10px;\"><b>John Doe </b> (no stated gender), DoB Unknown</p><hr/></div>"
  },
  "name" : [{
    "family" : "Doe",
    "given" : ["John"]
  }]
}